,y_num_bars,y_num_pois,ll
0,1,14,"49.326898,8.544466"
1,2,13,"49.317716,8.542873"
2,2,12,"49.311285,8.54614"
3,0,1,"49.334484,8.534902"
4,2,13,"49.317325,8.538029"
5,0,0,"49.316164,8.564873"
6,0,0,"49.326049,8.565699"
7,2,12,"49.317835,8.548447"
